Name,Followers,Stance,Sex,Handle,Tweets,Responses,std,Max.responses,Min.respos,Ave.Response,Resp.Freq,deleted,closed,protected,suspended,Conv.0,Conv.1,Conv.2,Conv.3,Conv.4,Conv.5,Conv.6,Conv.7,Conv.8,Conv.9,Conv.10,Conv.11,Conv.12,Conv.13,Conv.14,Conv.15,Conv.16,Conv.17,Conv.18,Conv.19,Conv.20,Conv.21,Conv.22,Conv.23,Conv.24,Conv.25,Conv.26,Conv.27,Conv.28,Conv.29,Conv.30,Conv.31,Conv.32,Conv.33,Conv.34,Conv.35,Conv.36,Conv.37,Conv.38,Conv.39,Conv.40,Conv.41,Conv.42,Conv.43,Conv.44,Conv.45,Conv.46,Conv.47,Conv.48,Conv.49,Conv.50,Conv.51,Conv.52,Conv.53,Conv.54,Conv.55,Conv.56,Conv.57,Conv.58,Conv.59,Conv.60,Conv.61,Conv.62,Conv.63,Conv.64,Conv.65,Conv.66,Conv.67,Conv.68,Conv.69,Conv.70,Conv.71,Conv.72,Conv.73,Conv.74
Betsy Devos,70556,conservative,female,BetsyDeVos,30,2725,23.98,99,0,90.83,99:26,91,48,16,20,99,99,99,99,38,99,99,99,99,99,99,99,99,99,89,99,24,99,99,99,99,99,99,99,99,0,99,99,99,99,,,,,,,,,,,,,,,,,,,,,,,,,,,,,,,,,,,,,,,,,,,,,
Michelle Malkin,2163025,conservative,female,michellemalkin,37,1750,38.12,99,1,47.30,99:9,78,42,16,18,1,3,77,99,16,33,15,93,27,10,99,4,42,71,5,72,2,30,31,5,99,64,8,99,60,2,99,73,2,99,99,3,99,25,99,49,36,,,,,,,,,,,,,,,,,,,,,,,,,,,,,,,,,,,,,,
Melissa Harris-Perry,695384,liberal,female,mharrisperry,44,94,4.75,24,0,2.14,1:20,4,1,1,2,1,1,1,0,1,1,1,0,0,1,1,1,2,0,3,0,1,2,1,1,1,1,0,2,0,8,6,1,1,21,0,0,6,0,1,0,0,24,1,1,0,0,0,1,,,,,,,,,,,,,,,,,,,,,,,,,,,,,,,
Mika Brzezinski,729694,liberal,female,morningmika,47,3953,23.25,99,19,84.11,99:30,176,91,17,68,99,99,99,54,99,99,99,40,99,72,99,54,86,99,81,77,99,99,47,99,85,99,99,99,49,26,49,99,99,99,69,56,99,99,99,19,99,99,99,99,99,83,99,99,99,36,99,,,,,,,,,,,,,,,,,,,,,,,,,,,,
Shepard Smith,214237,liberal,male,ShepNewsTeam,65,1641,25.29,99,2,25.25,7:6,78,22,17,37,28,5,42,7,50,2,88,62,8,5,36,32,12,49,72,45,2,7,13,38,99,5,31,13,21,25,7,12,14,7,6,6,17,30,23,27,17,8,28,17,47,17,99,8,8,12,99,51,23,8,7,9,13,13,18,7,13,15,9,2,17,19,14,91,6,,,,,,,,,,
Chris Cuomo,1260446,liberal,male,chriscuomo,42,1434,32.73,99,0,34.14,99:5,65,28,18,18,32,14,18,1,11,5,65,42,15,67,11,34,99,99,55,17,3,9,10,15,60,7,7,13,44,26,99,6,18,84,99,11,25,52,35,99,2,8,4,92,0,21,,,,,,,,,,,,,,,,,,,,,,,,,,,,,,,,,
Jemele Hill,760624,liberal,female,jemelehill,32,2402,30.68,99,5,75.06,99:17,133,75,13,45,73,5,75,99,99,99,84,99,76,43,99,74,71,99,99,13,23,99,99,99,99,99,99,99,99,46,37,99,25,43,99,31,,,,,,,,,,,,,,,,,,,,,,,,,,,,,,,,,,,,,,,,,,,
Glenn Greenwald,907673,liberal,male,ggreenwald,16,1046,34.63,99,4,65.38,99:6,75,55,9,11,99,99,99,12,78,99,41,99,65,36,4,98,18,99,36,64,,,,,,,,,,,,,,,,,,,,,,,,,,,,,,,,,,,,,,,,,,,,,,,,,,,,,,,,,,,
Eric Bolling,781012,conservative,male,ericbolling,54,4989,14.36,99,51,92.39,99:42,218,119,31,62,99,99,99,99,56,99,99,99,75,99,70,99,52,84,57,99,99,99,99,99,99,99,99,99,99,99,99,99,96,99,99,99,99,99,99,99,98,99,99,99,60,99,99,99,99,99,99,69,99,63,99,99,51,99,,,,,,,,,,,,,,,,,,,,,
Robert Costa,330983,neutral,male,costareports,24,763,35.54,99,2,31.79,99:5,27,15,2,9,37,14,99,12,5,21,29,19,4,99,3,7,15,12,2,6,23,99,23,99,11,23,2,99,,,,,,,,,,,,,,,,,,,,,,,,,,,,,,,,,,,,,,,,,,,,,,,,,,,
Peggy Noonan,161822,conservative,female,Peggynoonannyc,18,369,27.29,99,0,20.50,4:4,21,8,8,5,14,5,52,4,0,4,99,80,16,27,6,4,8,11,4,7,6,22,,,,,,,,,,,,,,,,,,,,,,,,,,,,,,,,,,,,,,,,,,,,,,,,,,,,,,,,,
Tavis Smiley,346337,liberal,male,tavissmiley,61,55,1.73,12,0,0.90,0:33,2,2,0,0,0,0,1,0,0,1,0,0,12,0,1,0,1,1,0,2,1,1,0,1,2,0,0,1,1,0,0,0,1,0,3,0,0,0,3,0,0,0,0,4,0,0,0,0,3,0,1,0,1,2,1,2,0,2,0,3,0,0,1,1,1,,,,,,,,,,,,,,
Bill Hemmer,300585,conservative,male,billhemmer,36,766,19.70,99,0,21.28,10:3,71,14,2,54,39,16,28,4,6,27,4,99,24,3,20,10,5,11,7,0,1,8,13,18,22,57,19,51,12,46,10,10,35,11,19,11,49,12,29,30,,,,,,,,,,,,,,,,,,,,,,,,,,,,,,,,,,,,,,,
Michelle Obama,9135140,liberal,female,michelleobama,43,4174,7.40,99,63,97.07,99:40,161,86,32,40,99,68,99,99,99,99,99,99,99,99,99,99,99,99,99,99,99,99,99,99,99,99,99,99,63,99,99,99,99,99,99,99,99,99,99,99,99,83,99,99,99,99,99,,,,,,,,,,,,,,,,,,,,,,,,,,,,,,,,
Christopher Hayes,1399679,liberal,male,chrislhayes,17,1167,34.39,99,7,68.65,99:7,39,20,7,7,37,25,18,68,22,99,95,99,59,99,98,99,7,45,99,99,99,,,,,,,,,,,,,,,,,,,,,,,,,,,,,,,,,,,,,,,,,,,,,,,,,,,,,,,,,,
George Stephanopoulos,2634575,liberal,male,gstephanopoulos,71,4530,34.19,99,4,63.80,99:28,160,89,26,39,99,36,99,99,10,99,99,66,30,79,26,23,99,99,43,37,53,25,28,11,99,45,99,94,46,5,6,99,56,11,34,99,99,99,22,99,99,99,48,62,66,99,66,99,17,11,67,78,81,69,23,99,99,94,41,31,4,99,99,99,99,26,36,20,99,99,99,25,47,99,60,,,,
Nate Silver,2588570,liberal,male,NateSilver538,31,2572,25.37,99,21,82.97,99:20,98,60,26,7,76,61,99,99,99,21,25,64,99,99,99,99,99,99,24,99,76,99,70,99,99,99,86,99,50,99,99,39,99,99,99,,,,,,,,,,,,,,,,,,,,,,,,,,,,,,,,,,,,,,,,,,,,
David Corn,537143,liberal,male,davidcorndc,37,2720,32.98,99,3,73.51,99:18,67,44,13,8,49,99,99,99,62,3,99,15,99,9,99,99,83,77,99,18,99,99,99,98,99,99,72,69,58,88,57,99,99,99,18,54,99,81,15,99,12,,,,,,,,,,,,,,,,,,,,,,,,,,,,,,,,,,,,,,
Lydia Cacho,1233171,unknown,female,lydiacachosi,26,276,22.35,99,0,10.62,0:9,9,9,0,0,0,0,2,2,21,0,31,30,4,1,4,99,0,1,0,60,1,1,0,1,0,5,12,1,0,0,,,,,,,,,,,,,,,,,,,,,,,,,,,,,,,,,,,,,,,,,,,,,,,,,
Rich Lowry,141746,conservative,male,richlowry,12,334,25.86,99,2,27.83,2:1,11,4,1,6,2,16,40,4,99,41,8,34,43,11,10,26,,,,,,,,,,,,,,,,,,,,,,,,,,,,,,,,,,,,,,,,,,,,,,,,,,,,,,,,,,,,,,,
Fred Barnes,80526,conservative,male,fredbarnes,75,523,8.13,42,0,6.97,3:12,12,11,0,1,3,10,13,15,1,9,3,2,7,0,0,2,7,3,22,3,19,10,1,16,0,4,1,1,3,0,1,3,31,1,6,0,1,4,2,18,3,12,6,9,1,5,0,18,3,3,5,31,6,7,5,30,10,7,0,0,3,4,6,7,1,3,11,5,3,1,6,42,15,4,10,6,6,5,2
Andrew Malcolm,159947,conservative,male,ahmalcolm,65,131,2.67,11,0,2.02,0:21,5,2,3,0,0,1,2,0,11,3,0,2,0,11,2,0,0,1,1,5,2,0,1,0,1,0,0,9,5,1,0,0,0,1,4,2,1,2,1,0,1,2,10,0,0,1,3,1,6,3,1,0,1,3,1,4,1,7,5,2,4,0,3,1,1,1,0,0,0,,,,,,,,,,
Erick Erickson,187557,conservative,male,ewerickson,16,763,43.35,99,1,47.69,99:6,43,19,10,14,99,17,99,1,99,12,13,4,99,81,8,6,99,13,99,14,,,,,,,,,,,,,,,,,,,,,,,,,,,,,,,,,,,,,,,,,,,,,,,,,,,,,,,,,,,
Elisabeth Hasselbeck,401904,conservative,female,ehasselbeck,69,124,6.97,58,0,1.80,0:32,0,0,0,0,0,2,0,0,0,2,1,0,1,0,0,0,0,0,1,1,2,1,1,1,1,0,0,1,0,1,0,7,2,0,1,0,0,0,0,0,0,0,0,1,58,2,1,3,0,0,1,0,0,1,1,4,3,0,0,1,8,1,0,0,2,1,2,0,2,2,2,1,1,,,,,,
Connie Schultz,34870,liberal,female,connieschultz,46,965,29.50,99,0,20.98,4:6,14,9,3,1,6,0,16,3,7,99,99,88,21,4,2,8,2,16,58,15,4,0,11,99,11,32,1,8,3,40,11,12,10,3,8,4,6,4,28,13,3,14,5,4,13,2,67,4,95,6,,,,,,,,,,,,,,,,,,,,,,,,,,,,,
Ana Marie Cox,1364111,liberal,female,anamariecox,13,407,31.93,99,2,31.31,8:3,7,6,1,0,42,24,8,31,43,31,8,8,3,2,99,99,9,,,,,,,,,,,,,,,,,,,,,,,,,,,,,,,,,,,,,,,,,,,,,,,,,,,,,,,,,,,,,,
Reverend Al Sharpton,545584,liberal,male,thereval,52,473,7.99,42,1,9.10,3:6,26,8,2,16,6,3,2,2,3,3,3,19,17,15,4,2,14,6,5,2,42,30,1,1,19,16,7,1,6,6,7,5,15,3,3,6,21,16,7,7,4,9,6,9,11,5,5,14,2,17,10,1,17,16,5,17,,,,,,,,,,,,,,,,,,,,,,,
Monica Crowley,453314,conservative,female,monicacrowley,38,1168,28.55,99,1,30.74,99:4,42,23,2,13,36,7,99,30,11,24,99,44,23,4,49,3,16,23,1,9,67,18,9,6,99,6,12,13,29,23,9,75,3,19,34,26,35,16,28,99,25,39,,,,,,,,,,,,,,,,,,,,,,,,,,,,,,,,,,,,,
Dave Weigel,349465,unknown,male,daveweigel,25,743,26.57,99,1,29.72,26:3,38,29,4,5,49,4,30,36,27,75,13,4,11,26,99,24,18,58,1,19,99,20,20,35,26,7,7,9,26,,,,,,,,,,,,,,,,,,,,,,,,,,,,,,,,,,,,,,,,,,,,,,,,,,
Greta Van Susteren,1197520,conservative,female,greta,54,1022,22.86,99,1,18.93,2:6,56,39,8,7,80,29,31,3,6,5,14,2,6,6,7,6,4,27,19,10,55,2,30,17,15,2,2,64,5,3,99,3,6,9,2,2,8,5,37,11,10,99,28,34,58,21,17,18,12,4,8,16,9,20,14,1,10,11,,,,,,,,,,,,,,,,,,,,,
Brit Hume,771343,conservative,male,brithume,40,3150,30.51,99,6,78.75,99:24,150,105,13,29,99,99,99,99,25,66,93,33,99,99,58,13,99,99,99,88,99,62,99,99,99,18,26,99,99,99,99,99,73,6,99,93,54,99,99,25,99,41,99,99,,,,,,,,,,,,,,,,,,,,,,,,,,,,,,,,,,,
Nicholas Kristof,2129165,liberal,male,nickkristof,27,719,32.66,99,1,26.63,2:3,62,22,5,29,36,17,99,21,70,8,10,6,99,7,43,17,7,1,1,13,5,29,8,2,9,88,5,2,2,15,99,,,,,,,,,,,,,,,,,,,,,,,,,,,,,,,,,,,,,,,,,,,,,,,,
Greg Gutfeld,855060,conservative,male,greggutfeld,44,2637,28.29,99,9,59.93,99:7,134,72,22,32,32,99,91,79,37,51,99,87,91,99,71,56,58,20,9,24,99,53,99,64,75,91,27,54,24,11,44,96,26,99,68,18,35,39,69,99,83,67,44,58,31,79,42,40,,,,,,,,,,,,,,,,,,,,,,,,,,,,,,,
Julia Ioffe,143338,liberal,female,juliaioffe,37,1624,36.25,99,4,43.89,99:8,66,44,6,15,55,11,99,5,99,27,4,24,6,11,99,99,9,8,98,99,37,33,22,95,99,66,18,4,9,24,30,39,99,17,99,62,17,40,26,13,22,,,,,,,,,,,,,,,,,,,,,,,,,,,,,,,,,,,,,,
Kathy Griffin,2085914,liberal,female,kathygriffin,51,2848,34.75,99,6,55.84,99:16,208,80,12,94,99,36,11,99,12,35,99,99,99,50,32,99,10,99,82,99,76,99,19,42,99,27,99,99,34,12,77,57,99,99,82,38,60,65,22,7,43,25,6,9,25,27,74,22,23,24,99,12,45,99,43,,,,,,,,,,,,,,,,,,,,,,,,
Claire Forlani,76314,liberal,female,ClaireAForlani,23,133,5.09,22,0,5.78,2:4,6,4,1,1,2,2,3,4,2,7,10,4,0,6,8,1,2,1,5,12,1,22,13,12,4,7,5,,,,,,,,,,,,,,,,,,,,,,,,,,,,,,,,,,,,,,,,,,,,,,,,,,,,
Laura Ingraham,1758966,conservative,female,ingrahamangle,45,4042,20.00,99,25,89.82,99:35,248,129,41,78,99,99,99,99,99,99,99,99,99,99,99,99,52,99,99,99,99,99,33,99,99,99,99,48,89,25,99,99,99,99,99,99,75,95,99,58,60,99,99,99,99,99,99,42,99,,,,,,,,,,,,,,,,,,,,,,,,,,,,,,
Fareed Zakaria,888905,neutral,male,fareedzakaria,66,1863,25.13,99,1,28.23,9:6,76,24,25,27,19,29,16,49,9,15,78,62,6,58,9,71,53,22,4,6,26,9,56,5,4,11,54,35,99,10,12,57,10,13,3,99,40,27,23,25,15,67,19,27,25,22,31,18,17,10,20,7,55,15,5,9,55,9,3,8,45,99,43,58,11,13,10,9,13,1,,,,,,,,,
Christiane Amanpour,2446456,liberal,female,camanpour,48,821,19.09,99,1,17.10,5:5,37,24,7,5,5,15,3,8,73,53,5,10,12,19,9,12,31,8,10,22,6,5,3,15,23,43,36,2,3,39,3,7,5,9,19,29,8,33,18,8,99,7,39,2,9,7,1,10,9,5,22,2,,,,,,,,,,,,,,,,,,,,,,,,,,,
Hillary Clinton,18724544,liberal,female,hillaryclinton,45,4381,6.10,99,63,97.36,99:41,276,140,15,114,99,99,99,99,88,99,99,99,99,99,99,99,99,63,99,99,99,99,99,99,88,99,99,99,99,99,99,99,99,99,99,99,99,99,99,99,83,99,99,99,99,99,99,99,99,,,,,,,,,,,,,,,,,,,,,,,,,,,,,,
Brian Kilmeade,278892,conservative,male,kilmeade,60,974,21.73,99,1,16.23,4:6,41,22,12,7,11,7,5,18,15,4,4,6,6,4,4,46,1,23,4,2,39,99,12,9,2,6,8,14,9,6,5,99,3,11,12,99,33,17,10,43,7,18,6,26,2,2,8,10,7,8,12,3,8,28,1,17,8,6,42,4,9,17,20,9,,,,,,,,,,,,,,,
Dinesh D'Souza,633941,conservative,male,DineshDSouza,23,1959,21.98,99,30,85.17,99:15,132,73,12,47,99,99,99,99,99,99,99,87,99,68,58,99,43,30,81,99,99,99,67,99,99,40,99,,,,,,,,,,,,,,,,,,,,,,,,,,,,,,,,,,,,,,,,,,,,,,,,,,,,
Chris Matthews,761821,liberal,male,HardballChris,14,683,35.97,99,3,48.79,98:2,25,11,7,5,99,37,22,70,98,49,40,9,98,9,3,40,99,10,,,,,,,,,,,,,,,,,,,,,,,,,,,,,,,,,,,,,,,,,,,,,,,,,,,,,,,,,,,,,
Major Garrett,181485,unknown,male,majorcbs,42,516,23.50,99,0,12.29,5:7,26,20,4,2,17,2,0,2,0,6,3,0,18,5,3,10,0,99,0,1,7,3,7,5,6,0,1,6,4,3,12,99,2,7,5,5,14,65,63,11,1,5,5,1,5,8,,,,,,,,,,,,,,,,,,,,,,,,,,,,,,,,,
Jonah Goldberg,258264,conservative,male,Jonahnro,29,1177,32.44,99,5,40.59,99:5,34,27,1,5,99,99,7,24,10,28,14,38,29,26,99,91,66,9,5,45,6,32,99,9,18,27,99,20,16,35,49,52,26,,,,,,,,,,,,,,,,,,,,,,,,,,,,,,,,,,,,,,,,,,,,,,
Bret Baier,1127634,conservative,male,bretbaier,15,900,36.70,99,8,60.00,99:6,33,20,7,5,77,99,99,99,70,20,14,99,41,99,36,28,99,12,8,,,,,,,,,,,,,,,,,,,,,,,,,,,,,,,,,,,,,,,,,,,,,,,,,,,,,,,,,,,,
Ed Henry,261866,conservative,male,edhenry,44,693,15.03,67,0,15.75,3:4,29,17,7,3,0,3,6,6,11,12,2,9,3,27,9,12,8,5,27,22,36,3,27,7,35,25,9,0,7,34,10,3,14,24,67,64,19,14,0,5,6,9,15,5,27,7,31,28,,,,,,,,,,,,,,,,,,,,,,,,,,,,,,,
David Burge,171909,conservative,male,iowahawkblog,14,728,38.82,99,3,52.00,99:5,25,16,3,2,99,16,99,99,28,52,3,11,99,6,69,99,32,16,,,,,,,,,,,,,,,,,,,,,,,,,,,,,,,,,,,,,,,,,,,,,,,,,,,,,,,,,,,,,
Dana Loesch,631732,conservative,female,dloesch,27,1831,35.97,99,2,67.81,99:12,98,50,8,35,35,6,55,38,99,29,2,99,89,50,99,99,99,97,99,18,52,22,99,99,3,93,54,99,99,99,99,,,,,,,,,,,,,,,,,,,,,,,,,,,,,,,,,,,,,,,,,,,,,,,,
George Will,129155,conservative,male,GeorgeWill,73,2541,25.74,99,2,34.81,99:6,71,43,10,12,46,99,20,5,32,99,22,13,55,41,33,36,21,99,99,35,22,3,73,22,34,18,29,16,34,31,42,28,31,80,27,11,17,14,36,35,17,24,37,17,25,36,22,11,34,2,20,11,26,30,40,10,28,42,19,32,59,38,20,3,99,8,73,37,34,99,57,8,8,89,20,35,13,,
Tucker Carlson,1177672,conservative,male,tuckercarlson,70,6580,14.05,99,44,94.00,99:61,345,195,49,97,99,99,99,99,47,99,99,59,99,99,99,99,99,99,99,99,99,99,99,99,99,99,99,99,99,99,99,99,45,99,49,99,99,99,99,99,99,99,99,99,99,99,99,99,99,61,99,99,99,99,99,69,99,99,99,99,83,99,99,99,99,84,44,99,99,99,99,99,99,99,,,,,
Don Lemon,549199,liberal,male,donlemon,45,4231,12.73,99,49,94.02,99:38,220,103,37,74,99,99,99,99,99,99,99,99,99,99,99,99,99,99,99,95,68,99,49,99,99,99,99,66,99,99,99,56,99,99,99,99,99,99,99,70,65,99,99,99,99,99,99,99,99,,,,,,,,,,,,,,,,,,,,,,,,,,,,,,
Brit Marling,79905,liberal,female,britmarling,37,983,24.52,99,2,26.57,3:3,49,28,15,1,15,34,34,16,3,99,32,24,3,34,40,83,9,25,9,28,13,2,5,21,61,6,6,8,15,3,59,7,19,47,14,23,13,10,52,22,89,,,,,,,,,,,,,,,,,,,,,,,,,,,,,,,,,,,,,,
John Oliver,4364128,liberal,male,iamjohnoliver,60,5696,12.58,99,29,94.93,99:52,152,84,25,36,99,99,99,99,99,99,99,99,99,99,99,99,60,99,99,99,99,99,99,99,99,99,99,72,92,99,99,99,99,99,99,99,99,99,99,99,75,99,99,99,99,76,99,99,99,91,99,99,99,99,29,99,99,53,99,99,99,99,99,99,,,,,,,,,,,,,,,
Bill Keller,66539,unknown,male,billkeller2014,69,45,1.58,11,0,0.65,0:48,1,1,0,0,1,3,11,0,0,0,2,1,0,1,1,0,0,0,0,1,0,0,1,1,2,0,0,0,0,0,0,1,0,0,3,0,0,0,0,0,1,0,4,0,0,3,0,0,0,0,0,1,1,0,0,0,0,0,0,1,0,4,0,0,0,1,0,0,0,0,0,0,0,,,,,,
Matt Yglesias,349536,liberal,male,mattyglesias,37,1320,31.00,99,5,35.68,99:5,42,27,11,3,21,7,99,8,31,99,37,99,19,32,20,16,5,51,9,14,6,17,22,37,12,8,99,45,99,31,12,76,10,55,20,14,12,18,52,24,84,,,,,,,,,,,,,,,,,,,,,,,,,,,,,,,,,,,,,,
Ashley Judd,326087,liberal,female,AshleyJudd,42,583,10.93,39,1,13.88,2:4,48,10,4,33,12,2,7,23,3,25,27,13,37,22,3,22,2,7,8,1,38,39,8,7,13,21,6,6,10,2,9,5,38,34,9,17,11,8,11,14,2,10,5,8,23,15,,,,,,,,,,,,,,,,,,,,,,,,,,,,,,,,,
Arianna Huffington,2812153,liberal,female,ariannahuff,63,169,2.75,18,0,2.68,1:17,6,2,2,2,9,2,1,1,3,4,1,1,18,3,5,3,2,3,0,7,3,4,0,4,3,2,0,1,2,1,8,0,0,2,0,8,1,3,2,3,1,1,1,1,1,4,5,2,3,4,1,1,3,0,1,3,4,1,4,2,3,3,1,2,2,2,3,,,,,,,,,,,,
Martha Maccallum,363550,unknown,female,marthamaccallum,61,3194,36.66,99,3,52.36,99:18,165,66,16,79,21,19,99,9,99,14,99,46,8,22,11,18,37,99,70,50,70,21,88,99,14,12,30,99,50,15,99,21,56,82,99,28,72,99,61,27,85,99,10,22,99,5,99,99,26,12,99,44,99,29,99,99,13,60,78,6,16,13,99,3,18,,,,,,,,,,,,,,
Maureen Dowd,637499,liberal,female,maureendowd,50,1771,30.60,99,1,35.42,99:6,54,32,2,16,16,99,4,22,40,2,11,4,38,11,7,56,13,39,27,24,70,62,10,18,99,15,11,6,40,30,53,32,58,55,32,99,17,99,17,2,99,67,15,53,1,7,71,18,99,51,30,10,9,3,,,,,,,,,,,,,,,,,,,,,,,,,
Charles M. Blow,401132,liberal,male,charlesmblow,30,1440,35.04,99,0,48.00,99:6,51,32,13,6,99,51,99,57,99,99,33,5,54,79,1,32,48,24,45,0,12,8,81,6,26,1,99,80,99,8,24,79,39,53,,,,,,,,,,,,,,,,,,,,,,,,,,,,,,,,,,,,,,,,,,,,,
Barack Obama,95642271,liberal,male,BarackObama,60,5714,9.57,99,62,95.23,99:51,233,110,51,62,99,99,99,99,99,99,99,66,99,99,99,99,99,99,99,99,99,99,99,62,99,67,99,99,99,99,99,99,84,99,99,99,99,75,99,99,99,99,88,99,99,99,99,99,99,99,99,99,99,99,83,99,99,99,99,99,71,99,69,99,,,,,,,,,,,,,,,
John Dickerson,2216034,liberal,male,jdickerson,41,602,19.29,99,1,14.68,5:7,14,11,2,0,1,7,5,5,2,43,29,5,2,1,2,33,12,2,12,48,7,10,4,48,6,57,9,19,3,14,5,7,9,8,6,3,99,16,12,3,5,10,5,5,23,,,,,,,,,,,,,,,,,,,,,,,,,,,,,,,,,,
Katy Tur,386305,unknown,female,katyturnbc,21,1187,38.89,99,4,56.52,99:9,36,19,10,7,99,54,99,6,13,6,34,25,99,99,54,19,99,99,4,99,15,99,99,30,36,,,,,,,,,,,,,,,,,,,,,,,,,,,,,,,,,,,,,,,,,,,,,,,,,,,,,,
Loretta Lynch,136219,liberal,female,aglynch,64,4359,30.39,99,8,68.11,99:26,188,66,43,71,25,99,20,99,59,38,58,99,99,29,73,37,99,8,99,99,99,99,99,54,99,99,31,53,35,23,48,52,99,34,71,41,87,99,41,99,29,48,82,30,99,99,29,99,99,99,99,99,22,67,96,49,99,99,75,29,35,99,55,92,40,99,27,63,,,,,,,,,,,
Mary Katharine Ham,210335,conservative,female,mkhammer,37,1233,31.29,99,2,33.32,3:3,38,20,8,9,86,3,28,25,2,9,71,3,12,49,99,6,18,28,8,38,26,12,6,16,32,50,38,5,55,5,85,99,40,8,96,23,22,21,7,99,3,,,,,,,,,,,,,,,,,,,,,,,,,,,,,,,,,,,,,,
Ta-Nehisi Coates,1092634,liberal,male,tanehisicoates,58,1035,21.36,99,0,17.84,8:4,43,30,4,9,34,15,9,11,21,12,15,0,4,17,44,16,8,11,3,17,4,7,16,23,22,96,5,13,22,7,10,5,33,4,13,48,8,19,2,0,1,1,99,10,10,8,3,24,3,6,9,5,17,20,29,99,8,11,6,20,31,21,,,,,,,,,,,,,,,,,
David Folkenflik,70788,unknown,male,davidfolkenflik,13,75,6.05,21,0,5.77,1:3,2,1,0,0,0,1,13,1,1,7,11,21,4,9,5,0,2,,,,,,,,,,,,,,,,,,,,,,,,,,,,,,,,,,,,,,,,,,,,,,,,,,,,,,,,,,,,,,
Oprah Winfrey,39073735,liberal,female,oprah,40,3563,17.30,99,32,89.08,99:27,154,67,37,44,62,68,99,99,99,99,69,99,99,99,87,44,99,99,86,99,99,99,99,99,32,99,99,99,99,56,84,99,99,99,99,99,99,85,71,99,99,99,88,58,,,,,,,,,,,,,,,,,,,,,,,,,,,,,,,,,,,
Pamela Geller,162854,conservative,female,pamelageller,66,1894,30.99,99,0,28.70,99:7,187,66,8,110,55,99,11,30,0,8,11,8,2,3,3,25,8,34,24,8,4,99,35,4,6,24,99,27,8,14,14,41,10,72,7,21,99,57,42,30,1,5,4,99,99,76,35,15,6,99,8,47,3,9,70,13,83,2,17,2,16,13,39,11,4,7,0,10,32,27,,,,,,,,,
Anderson Cooper,9591467,neutral,male,andersoncooper,29,2595,18.59,99,30,89.48,99:21,149,59,22,63,99,99,99,52,99,99,99,97,99,66,99,99,55,99,99,99,84,99,99,99,99,99,99,77,99,30,99,99,55,,,,,,,,,,,,,,,,,,,,,,,,,,,,,,,,,,,,,,,,,,,,,,
Asia Argento,363289,liberal,female,AsiaArgento,11,446,33.36,99,8,40.55,99:2,49,39,4,5,9,44,14,13,99,18,58,8,99,19,65,,,,,,,,,,,,,,,,,,,,,,,,,,,,,,,,,,,,,,,,,,,,,,,,,,,,,,,,,,,,,,,,
Matt Taibbi,332203,liberal,male,mtaibbi,64,2309,32.75,99,1,36.08,99:8,89,44,8,33,45,29,99,1,99,8,39,7,72,19,7,71,83,22,17,10,49,99,3,20,11,99,6,51,22,12,20,55,32,20,74,12,40,73,69,63,21,11,77,38,1,5,99,1,99,6,44,47,4,20,4,3,9,19,48,2,9,4,99,11,48,21,99,2,,,,,,,,,,,
S.E. Cupp,374510,conservative,female,secupp,54,2318,34.13,99,1,42.93,99:10,91,52,4,34,99,38,37,99,14,20,55,28,37,7,99,83,89,32,69,49,20,39,15,99,1,21,30,42,99,1,14,8,2,32,59,15,5,99,59,9,56,17,14,1,99,3,29,17,15,99,13,36,99,36,99,61,85,15,,,,,,,,,,,,,,,,,,,,,
Judge Napolitano,503483,conservative,male,judgenap,66,3719,28.43,99,8,56.35,99:11,106,64,19,23,15,43,41,8,27,63,50,33,30,27,55,76,54,9,96,30,87,99,88,45,53,41,34,76,99,65,32,99,79,99,99,68,79,70,99,99,99,32,99,60,43,67,55,41,75,99,78,14,18,42,59,75,15,38,30,18,48,84,49,65,52,14,32,10,42,99,,,,,,,,,
Leslie Jones,759517,liberal,female,lesdoggg,49,2569,34.36,99,3,52.43,99:11,89,42,23,18,77,17,57,75,35,41,97,69,70,99,8,44,86,26,10,51,13,3,35,24,15,99,83,99,11,24,16,97,99,10,99,11,35,99,99,38,29,99,16,34,99,99,52,4,37,50,99,56,24,,,,,,,,,,,,,,,,,,,,,,,,,,
Ari Melber,237431,liberal,male,AriMelber,32,1145,28.42,99,7,35.78,10:3,35,20,8,5,33,58,13,51,79,10,99,11,16,38,26,17,63,7,9,19,69,13,10,99,25,99,27,19,41,30,18,64,13,10,9,50,,,,,,,,,,,,,,,,,,,,,,,,,,,,,,,,,,,,,,,,,,,
Paul Krugman,3583097,liberal,male,paulkrugman,39,2133,34.61,99,4,54.69,99:10,68,32,6,28,11,11,31,99,35,69,43,14,15,28,57,68,41,48,99,10,85,93,14,20,99,99,80,4,54,99,99,30,99,42,92,99,99,59,12,5,35,37,99,,,,,,,,,,,,,,,,,,,,,,,,,,,,,,,,,,,,
Robert Reich,504706,liberal,male,RBReich,55,4663,22.89,99,13,84.78,99:33,173,133,18,20,99,62,99,99,17,13,97,99,99,99,99,99,99,19,57,99,99,68,99,99,68,67,64,99,99,99,99,99,99,63,99,99,77,84,48,99,99,56,85,91,43,99,99,99,99,87,91,57,99,99,82,99,99,99,99,,,,,,,,,,,,,,,,,,,,
Joe Scarborough,1793077,conservative,male,JoeNBC,31,2278,30.66,99,7,73.48,99:16,86,42,15,27,99,32,32,94,39,7,99,34,48,65,99,99,99,99,68,76,99,62,99,99,99,99,99,13,99,99,99,36,46,42,99,,,,,,,,,,,,,,,,,,,,,,,,,,,,,,,,,,,,,,,,,,,,
Jim Roberts,204844,liberal,male,nycjim,32,320,18.37,99,0,10.00,1:7,12,9,0,3,1,5,1,21,2,4,6,0,14,5,7,1,5,2,10,27,99,1,0,0,4,12,3,42,20,6,1,2,1,5,12,1,,,,,,,,,,,,,,,,,,,,,,,,,,,,,,,,,,,,,,,,,,,
Amberin Zaman,333479,unknown,female,amberinzaman,20,81,6.05,27,0,4.05,2:5,14,8,3,3,0,7,27,1,6,4,0,2,2,1,5,1,0,0,6,1,12,2,2,2,,,,,,,,,,,,,,,,,,,,,,,,,,,,,,,,,,,,,,,,,,,,,,,,,,,,,,,
Samantha Bee,472762,liberal,female,iamsambee,7,208,14.22,52,7,29.71,52:1,12,3,3,5,7,21,46,31,22,29,52,,,,,,,,,,,,,,,,,,,,,,,,,,,,,,,,,,,,,,,,,,,,,,,,,,,,,,,,,,,,,,,,,,,,
Sean Hannity,2900653,conservative,male,seanhannity,55,5421,2.25,99,86,98.56,99:53,369,187,51,118,99,88,99,99,99,99,99,99,99,99,99,99,99,99,99,99,99,99,99,99,99,99,99,86,99,99,99,99,99,99,99,99,99,99,99,99,99,99,99,99,99,99,99,99,99,99,99,99,99,99,99,99,99,99,99,,,,,,,,,,,,,,,,,,,,
Anne Bayefsky,213688,unknown,female,AnneBayefsky,74,518,10.30,54,0,7.00,1:12,27,14,3,10,7,4,0,6,10,1,3,13,20,1,19,0,3,5,2,1,1,2,19,1,3,4,1,7,4,1,7,0,6,15,1,2,1,5,3,9,2,13,19,5,2,4,0,15,15,18,0,2,5,1,0,0,2,8,7,5,17,0,52,7,2,6,42,1,2,0,54,8,2,3,3,1,4,4,
Thomas L. Friedman,819987,liberal,male,tomfriedman,70,2898,33.75,99,0,41.40,99:13,86,39,14,33,16,12,8,6,99,36,65,7,42,99,13,9,19,6,96,10,28,6,11,99,76,67,45,40,99,63,33,80,2,45,99,33,9,25,29,16,14,14,24,99,25,5,99,46,99,99,11,0,16,71,99,99,8,36,10,16,24,22,40,26,16,99,25,61,30,21,31,31,99,35,,,,,
Katrina vanden Heuvel,182109,liberal,female,katrinanation,14,75,7.09,28,0,5.36,0:4,0,0,0,0,28,1,2,9,0,9,3,7,8,4,4,0,0,0,,,,,,,,,,,,,,,,,,,,,,,,,,,,,,,,,,,,,,,,,,,,,,,,,,,,,,,,,,,,,
Bernie Sanders,8119895,liberal,male,BernieSanders,33,3152,13.72,99,40,95.52,99:31,151,66,16,66,99,99,99,99,99,99,99,99,99,99,99,99,99,99,99,99,99,99,99,99,99,99,99,99,40,99,99,99,99,99,99,99,43,,,,,,,,,,,,,,,,,,,,,,,,,,,,,,,,,,,,,,,,,,
Charles Krauthammer,877356,conservative,male,krauthammer,71,5778,28.29,99,7,81.38,99:46,148,97,26,21,99,58,99,99,57,99,91,99,99,99,99,99,99,89,16,13,99,99,99,99,99,49,99,99,99,61,26,99,85,99,62,99,99,99,99,99,99,36,99,99,99,78,25,99,99,99,30,99,60,80,99,7,99,99,99,99,99,15,99,23,99,68,99,33,99,99,99,47,37,99,78,,,,
Glenn Beck,1199113,conservative,male,glennbeck,73,2221,27.90,99,2,30.42,6:6,104,53,9,35,4,3,6,99,20,15,79,44,82,24,21,34,32,9,48,14,29,43,11,2,51,13,6,4,8,42,8,65,9,27,19,5,66,26,11,40,10,22,6,10,35,23,85,12,99,48,99,6,28,5,12,25,10,87,30,20,22,17,6,6,25,20,51,8,70,99,15,19,31,14,18,99,10,,
Ann Curry,1647348,liberal,female,anncurry,59,1332,21.99,99,3,22.58,5:5,17,8,9,0,8,63,14,10,26,18,5,8,13,17,18,4,27,6,35,19,7,5,7,10,5,36,26,14,31,25,6,30,10,13,26,6,11,42,99,15,26,67,11,21,12,20,18,20,39,16,99,31,9,11,4,3,30,25,99,5,21,5,25,,,,,,,,,,,,,,,,
Ann Coulter,1712783,conservative,female,anncoulter,16,1524,14.52,99,39,95.25,99:15,86,46,17,21,99,39,99,99,99,99,99,99,99,99,99,99,99,99,99,99,,,,,,,,,,,,,,,,,,,,,,,,,,,,,,,,,,,,,,,,,,,,,,,,,,,,,,,,,,,
Gloria Steinem,285860,liberal,female,gloriasteinem,60,465,9.97,61,0,7.75,3:12,33,13,5,13,4,5,3,5,8,3,0,10,2,1,3,0,2,3,10,5,15,4,13,4,17,4,1,3,8,2,2,3,4,10,13,19,3,2,3,3,61,23,0,11,3,26,7,2,5,8,13,4,2,24,7,6,3,2,1,34,3,0,2,21,,,,,,,,,,,,,,,
Matt Fuller,84137,liberal,male,MEPFuller,27,545,19.91,99,0,20.19,1:2,12,10,2,0,20,46,3,11,14,31,35,1,21,18,42,5,21,0,15,36,7,11,6,8,7,14,19,24,99,30,1,,,,,,,,,,,,,,,,,,,,,,,,,,,,,,,,,,,,,,,,,,,,,,,,
Megyn Kelly,2406172,conservative,female,megynkelly,41,2661,34.10,99,8,64.90,99:18,136,49,35,50,11,45,21,29,11,99,99,99,99,99,32,50,51,24,99,16,99,99,61,33,86,59,99,38,83,25,99,30,8,99,99,99,16,46,99,99,99,99,99,46,58,,,,,,,,,,,,,,,,,,,,,,,,,,,,,,,,,,
Jake Tapper,1406218,conservative,male,jaketapper,33,2217,29.85,99,14,67.18,99:11,139,65,28,44,44,34,99,43,94,29,99,99,73,57,99,99,62,49,99,55,28,82,99,14,20,99,45,57,90,17,91,99,31,75,38,99,99,,,,,,,,,,,,,,,,,,,,,,,,,,,,,,,,,,,,,,,,,,
Bill O'Reilly,2583490,conservative,male,billoreilly,65,6225,12.88,99,22,95.77,99:59,239,102,53,74,99,99,99,99,99,99,99,99,99,99,99,99,99,99,99,99,99,35,99,99,99,99,69,99,99,99,99,99,99,99,99,99,99,99,87,99,99,99,99,99,99,99,99,99,99,99,99,22,99,99,99,89,99,99,99,99,99,82,99,99,99,99,99,99,99,,,,,,,,,,
Larry Sabato,118714,unknown,male,LarrySabato,50,728,24.87,99,0,14.56,1:9,17,10,3,4,0,1,1,7,21,10,8,3,7,4,1,1,5,22,0,0,7,9,99,8,6,1,61,53,98,2,5,0,1,22,10,99,5,10,14,2,15,50,0,1,14,1,4,3,8,18,2,6,1,2,,,,,,,,,,,,,,,,,,,,,,,,,
Andrea Mitchell,1494872,liberal,female,mitchellreports,30,1344,37.58,99,2,44.80,99:7,74,43,12,17,13,99,99,12,92,19,6,5,99,37,86,99,6,23,35,64,69,99,15,18,99,30,99,31,2,7,3,7,23,48,,,,,,,,,,,,,,,,,,,,,,,,,,,,,,,,,,,,,,,,,,,,,
Dana Perino,1694653,conservative,female,danaperino,30,1566,33.52,99,3,52.20,99:6,83,45,8,30,99,84,74,32,99,34,99,66,79,29,54,19,40,19,14,9,24,80,99,40,13,3,82,11,99,57,99,3,69,37,,,,,,,,,,,,,,,,,,,,,,,,,,,,,,,,,,,,,,,,,,,,,
Sarah Palin,1472183,conservative,female,sarahpalinusa,73,4879,29.65,99,7,66.84,99:23,269,122,46,92,41,94,99,11,7,78,99,99,72,74,99,99,99,99,64,99,99,99,74,99,78,53,72,52,99,75,92,91,51,31,47,82,99,75,65,29,99,99,15,49,40,99,85,27,25,49,36,31,99,69,42,99,99,49,29,59,32,60,90,13,23,38,22,78,99,99,83,37,33,20,60,99,99,,
Jonathan Capehart,261363,liberal,male,capehartj,45,795,22.21,96,0,17.67,7:7,25,10,15,0,7,9,4,17,17,3,7,20,1,7,3,0,1,45,0,10,96,9,56,12,18,4,27,73,23,5,6,1,16,7,7,7,30,10,17,7,3,31,6,4,95,21,26,9,18,,,,,,,,,,,,,,,,,,,,,,,,,,,,,,
Tomi Lahren,845616,conservative,female,tomilahren,39,3817,5.18,99,69,97.87,99:37,283,137,35,106,99,99,99,99,99,69,99,99,99,99,99,99,99,99,99,99,99,99,99,99,99,99,99,99,99,99,99,99,99,99,99,99,99,99,99,99,99,99,85,,,,,,,,,,,,,,,,,,,,,,,,,,,,,,,,,,,,
Harris Faulkner,199453,conservative,female,harrisfaulkner,15,594,37.04,99,7,39.60,99:4,32,14,11,7,40,7,10,9,12,99,11,16,20,99,9,29,99,99,35,,,,,,,,,,,,,,,,,,,,,,,,,,,,,,,,,,,,,,,,,,,,,,,,,,,,,,,,,,,,
Rachel Maddow,8420802,liberal,female,maddow,18,1674,14.46,99,44,93.00,99:14,75,37,10,24,99,99,99,99,99,99,99,99,99,98,44,99,99,69,77,99,99,99,,,,,,,,,,,,,,,,,,,,,,,,,,,,,,,,,,,,,,,,,,,,,,,,,,,,,,,,,
Katie Couric,1798080,liberal,female,katiecouric,49,490,16.75,99,0,10.00,0:9,17,12,4,0,4,3,33,14,1,99,1,1,20,21,7,27,10,1,4,2,0,5,3,4,4,1,2,31,4,49,8,22,0,1,5,9,8,0,0,4,3,0,0,6,0,5,0,7,1,0,28,26,6,,,,,,,,,,,,,,,,,,,,,,,,,,
Markos Moulitsas,171182,liberal,male,markos,8,70,6.55,24,1,8.75,1:1,1,0,0,1,24,6,10,4,11,1,5,9,,,,,,,,,,,,,,,,,,,,,,,,,,,,,,,,,,,,,,,,,,,,,,,,,,,,,,,,,,,,,,,,,,,
Lawrence O'Donnell,2211914,liberal,male,lawrence,18,854,32.04,99,10,47.44,99:4,34,16,9,7,50,39,77,26,99,99,99,17,46,33,20,15,99,21,11,41,52,10,,,,,,,,,,,,,,,,,,,,,,,,,,,,,,,,,,,,,,,,,,,,,,,,,,,,,,,,,
Diane Sawyer,902267,liberal,female,dianesawyer,45,2650,33.22,99,9,58.89,99:12,59,34,13,11,94,11,99,27,15,99,35,40,21,99,99,58,34,99,29,13,10,74,75,99,65,22,58,35,64,22,33,86,99,15,23,99,99,99,99,46,67,18,86,99,89,70,80,38,9,,,,,,,,,,,,,,,,,,,,,,,,,,,,,,
Michael Smith,487977,liberal,male,michaelsmith,20,224,13.52,52,0,11.20,3:3,9,3,2,4,6,8,0,5,10,7,4,7,3,2,52,17,0,28,4,3,2,34,3,29,,,,,,,,,,,,,,,,,,,,,,,,,,,,,,,,,,,,,,,,,,,,,,,,,,,,,,,
Kirsten Powers,252744,liberal,female,kirstenpowers,40,1858,35.22,99,4,46.45,99:10,68,36,11,21,80,50,6,99,99,6,17,29,25,10,4,23,61,43,10,99,99,7,18,99,52,13,23,7,40,99,99,15,6,28,58,8,99,99,48,52,99,47,55,27,,,,,,,,,,,,,,,,,,,,,,,,,,,,,,,,,,,
Kimberly Guilfoyle,1265839,conservative,female,kimguilfoyle,51,3650,30.04,99,11,71.57,99:20,162,71,50,41,99,54,75,97,99,99,75,62,99,45,56,11,71,99,99,18,99,15,99,20,66,96,99,99,14,78,43,53,99,50,99,99,78,99,24,32,81,99,12,51,81,99,49,99,67,99,94,99,99,28,74,,,,,,,,,,,,,,,,,,,,,,,,
Andy Levy,223824,conservative,male,andylevy,8,129,9.35,32,4,16.12,32:1,3,3,0,0,32,26,9,21,19,4,12,6,,,,,,,,,,,,,,,,,,,,,,,,,,,,,,,,,,,,,,,,,,,,,,,,,,,,,,,,,,,,,,,,,,,
Andrew Sullivan,120965,conservative,male,sullydish,45,699,21.62,99,0,15.53,8:5,23,8,3,7,8,12,46,4,4,1,16,6,55,62,10,8,3,0,5,1,4,2,11,8,99,8,1,11,1,7,7,8,3,18,74,2,2,51,14,36,4,2,9,7,31,6,27,0,5,,,,,,,,,,,,,,,,,,,,,,,,,,,,,,
Aparna Nancherla,258099,unknown,female,aparnapkin,27,878,31.53,99,1,32.52,16:3,49,35,11,3,23,9,16,25,15,4,20,42,31,99,99,15,13,81,10,30,99,50,7,6,24,32,1,92,16,3,16,,,,,,,,,,,,,,,,,,,,,,,,,,,,,,,,,,,,,,,,,,,,,,,,
Neil Cavuto,554104,conservative,male,teamcavuto,45,1899,33.96,99,4,42.20,99:8,59,30,9,17,99,12,6,28,59,38,70,14,31,14,12,36,99,25,17,14,21,9,99,16,22,7,33,32,99,99,4,99,86,44,8,36,12,29,90,99,33,18,9,99,18,71,34,12,87,,,,,,,,,,,,,,,,,,,,,,,,,,,,,,
Trevor Noah,7656225,liberal,male,trevornoah,38,2844,30.33,99,15,74.84,99:19,108,74,25,9,99,99,99,99,99,99,47,99,99,80,99,99,15,20,99,47,77,99,25,19,80,99,99,97,35,62,99,77,99,73,81,49,29,21,29,99,99,99,,,,,,,,,,,,,,,,,,,,,,,,,,,,,,,,,,,,,
David Frum,538756,conservative,male,davidfrum,38,2599,35.00,99,8,68.39,99:19,102,66,20,13,99,99,16,77,99,48,99,99,99,65,99,55,99,99,99,13,29,23,99,99,99,11,99,99,8,26,99,39,99,99,98,99,49,13,16,43,35,54,,,,,,,,,,,,,,,,,,,,,,,,,,,,,,,,,,,,,
Andrea Tantaros,505607,conservative,female,andreatantaros,66,5833,19.40,99,14,88.38,99:41,82,36,18,26,99,99,99,99,72,99,99,70,99,66,77,99,99,99,86,99,95,99,98,99,99,99,99,66,99,99,48,99,99,99,57,99,90,93,99,38,31,99,99,99,99,99,99,99,99,51,72,99,14,99,99,99,92,99,99,82,93,99,99,99,90,84,99,38,87,84,,,,,,,,,
Donna Brazile,649630,liberal,female,donnabrazile,37,1158,28.72,99,3,31.30,3:3,112,61,10,40,29,61,8,4,69,18,19,3,7,16,8,59,21,37,10,28,87,99,3,3,7,18,13,4,10,36,85,42,14,78,23,28,99,6,50,40,16,,,,,,,,,,,,,,,,,,,,,,,,,,,,,,,,,,,,,,
All,0,conservative,NOTAPPL,allconservatives,1965,102369,1126.65,4170,0,52.10,0:2,,,,,4170,3958,3856,3741,3602,3498,3295,3097,2988,2917,2827,2735,2657,2565,2481,2305,2218,2139,2093,2042,1966,1892,1832,1749,1696,1659,1610,1499,1446,1371,1327,1294,1253,1212,1185,1164,1142,1088,1035,944,918,899,862,837,795,741,718,704,682,667,656,641,615,587,523,430,424,407,393,366,344,317,286,230,194,148,110,98,93,81,27,17,11,0,0
All,0,liberal,NOTAPPL,all_liberal,2389,106529,1404.49,5222,0,44.59,0:4,,,,,5222,4858,4606,4398,4214,3940,3778,3593,3475,3342,3151,3020,2935,2804,2716,2642,2507,2403,2288,2217,2141,2067,2012,1937,1883,1819,1757,1669,1611,1565,1452,1334,1274,1190,1143,1110,1080,1018,970,913,826,773,749,645,593,456,436,400,389,378,366,337,295,285,252,231,221,204,193,155,62,58,51,35,19,17,17,15,8,5,4,0,0,0,0
